junction,hour,hour_multiplier
17th Mn 1st Crs Aishwarya Stores Jn,3,1.0
27th Cross Jayanagar(Ganapathi Temple),6,1.0
28thMainJayanagarJunc,5,1.0
28thMainJayanagarJunc,21,1.0
28thMainJayanagarJunc,22,1.0
29thMainRdBTM LayoutJunc,9,0.8
29thMainRdBTM LayoutJunc,19,0.8
29thMainRdBTM LayoutJunc,20,0.8
29thMainRdBTM LayoutJunc,22,1.6
5thMainHSR,6,1.0
5thMainHSR,20,1.0
5thMainHSR,23,1.0
5thMainRPC Layout-Vijayanagar,5,1.3333333333333333
5thMainRPC Layout-Vijayanagar,22,0.6666666666666666
A S CharStreet-MysoreRdJunc,3,1.0
A S CharStreet-MysoreRdJunc,11,1.0
A S CharStreet-MysoreRdJunc,20,1.0
A S CharStreet-MysoreRdJunc,21,1.0
A S CharStreet-MysoreRdJunc,23,1.0
ASC Junction,0,1.0
ASC Junction,4,1.0
ASC Junction,6,1.0
AdugodiJunc,0,1.0
AdugodiJunc,1,1.0
AgaraJunction,0,1.3333333333333333
AgaraJunction,18,1.3333333333333333
AgaraJunction,19,0.6666666666666666
AgaraJunction,21,0.6666666666666666
AnandRaoJunction,4,0.7142857142857143
AnandRaoJunction,8,0.7142857142857143
AnandRaoJunction,19,1.4285714285714286
AnandRaoJunction,21,1.4285714285714286
AnandRaoJunction,22,0.7142857142857143
AnepalyaJunc,5,1.0
AnepalyaJunc,6,1.0
AnepalyaJunc,7,1.0
AnepalyaJunc,21,0.9541
AnepalyaJunc,23,1.0
AnilKumbleCircle,1,0.875
AnilKumbleCircle,2,0.875
AnilKumbleCircle,4,0.875
AnilKumbleCircle,6,0.875
AnilKumbleCircle,8,0.875
AnilKumbleCircle,21,0.875
AnilKumbleCircle,22,1.75
AnjaneyaTempleJunc,4,1.0
AnjaneyaTempleJunc,21,1.0
AnjaneyaTempleJunc,23,1.0
ArakereGateJunc,0,0.6666666666666666
ArakereGateJunc,1,0.6666666666666666
ArakereGateJunc,5,0.6666666666666666
ArakereGateJunc,6,0.6666666666666666
ArakereGateJunc,7,0.6666666666666666
ArakereGateJunc,8,0.6666666666666666
ArakereGateJunc,19,0.6666666666666666
ArakereGateJunc,21,1.3333333333333333
ArakereGateJunc,22,2.0
ArakereGateJunc,23,2.0
Arbindo Circle,0,0.7
Arbindo Circle,4,0.7
Arbindo Circle,5,0.7
Arbindo Circle,9,0.7
Arbindo Circle,21,2.1
Arbindo Circle,22,1.4
Arbindo Circle,23,0.7
Arts&CraftsCircle,21,1.0
Arts&CraftsCircle,22,1.0
AshirwadamCircle,3,1.6
AshirwadamCircle,4,0.8
AshirwadamCircle,6,0.8
AshirwadamCircle,20,0.8
Ashoknagar Junction(ShoolayCircle),3,0.8333333333333334
Ashoknagar Junction(ShoolayCircle),4,1.6666666666666667
Ashoknagar Junction(ShoolayCircle),19,0.8333333333333334
Ashoknagar Junction(ShoolayCircle),22,0.8333333333333334
Ashoknagar Junction(ShoolayCircle),23,0.8333333333333334
AttiguppeCircleJunction,20,1.0
AyyappaTempleJunc,0,0.5714285714285714
AyyappaTempleJunc,2,2.0
AyyappaTempleJunc,4,1.1428571428571428
AyyappaTempleJunc,5,3.0
AyyappaTempleJunc,6,0.5714285714285714
AyyappaTempleJunc,8,0.3
AyyappaTempleJunc,9,0.3
AyyappaTempleJunc,10,0.3
AyyappaTempleJunc,11,0.3
AyyappaTempleJunc,17,0.3
AyyappaTempleJunc,18,0.3
AyyappaTempleJunc,19,0.3
AyyappaTempleJunc,20,0.5714285714285714
AyyappaTempleJunc,21,0.3
BDA Junctio-Koramangala,0,0.5
BDA Junctio-Koramangala,1,2.0
BDA Junctio-Koramangala,22,0.5
BEL Circle,1,1.56
BEL Circle,2,1.04
BEL Circle,3,1.56
BEL Circle,4,0.52
BEL Circle,5,1.04
BEL Circle,6,0.52
BEL Circle,7,1.04
BEL Circle,8,0.52
BEL Circle,11,0.52
BEL Circle,18,0.52
BEL Circle,19,1.56
BEL Circle,21,1.04
BEL Circle,22,1.56
BEML GateJunc(SuranjandasRd),8,1.0
BEML GateJunc(SuranjandasRd),21,1.0
BHEL Gate,4,1.0
BM ShriJunc(CMH-100FtRd)Junc,3,1.0
BM ShriJunc(CMH-100FtRd)Junc,12,1.0
BM ShriJunc(CMH-100FtRd)Junc,20,1.0
BMTCJunction-K H Road,2,0.8888888888888888
BMTCJunction-K H Road,3,0.8888888888888888
BMTCJunction-K H Road,5,1.7777777777777777
BMTCJunction-K H Road,19,0.8888888888888888
BMTCJunction-K H Road,20,0.8888888888888888
BMTCJunction-K H Road,21,0.8888888888888888
BMTCJunction-K H Road,22,0.8888888888888888
BMTCJunction-K H Road,23,0.8888888888888888
BTM16thMain-ORR Junc,1,1.6666666666666667
BTM16thMain-ORR Junc,6,0.8333333333333334
BTM16thMain-ORR Junc,8,0.8333333333333334
BTM16thMain-ORR Junc,22,0.8333333333333334
BTM16thMain-ORR Junc,23,0.8333333333333334
BagalakunteCrossJunction,1,1.0
BagalakunteCrossJunction,5,1.0
BagalurCrossJunc,0,1.222222222222222
BagalurCrossJunc,1,0.4074074074074074
BagalurCrossJunc,2,0.4074074074074074
BagalurCrossJunc,3,2.444444444444444
BagalurCrossJunc,4,1.6296296296296295
BagalurCrossJunc,5,0.8148148148148148
BagalurCrossJunc,6,0.4074074074074074
BagalurCrossJunc,17,0.4074074074074074
BagalurCrossJunc,19,0.8148148148148148
BagalurCrossJunc,20,0.8148148148148148
BagalurCrossJunc,23,1.6296296296296295
Bamboobazar(Shivajinagar),6,1.0
Bamboobazar(Shivajinagar),7,1.0
BanashankariBusStandJunc,3,0.5454545454545455
BanashankariBusStandJunc,4,0.5454545454545455
BanashankariBusStandJunc,6,1.6363636363636365
BanashankariBusStandJunc,21,2.181818181818182
BanashankariBusStandJunc,22,0.5454545454545455
BanashankariBusStandJunc,23,0.5454545454545455
BangaloreBodyBuildersJunc,0,1.6842105263157894
BangaloreBodyBuildersJunc,1,0.4210526315789473
BangaloreBodyBuildersJunc,5,0.8421052631578947
BangaloreBodyBuildersJunc,8,0.8421052631578947
BangaloreBodyBuildersJunc,18,0.4210526315789473
BangaloreBodyBuildersJunc,19,0.4210526315789473
BangaloreBodyBuildersJunc,20,0.8421052631578947
BangaloreBodyBuildersJunc,21,2.526315789473684
Basappa Circle Junction,0,1.0
Basappa Circle Junction,7,1.0
Basappa Circle Junction,23,1.0
BasavamantapaJunc-Dr RajkumarRd,5,1.0
BasaweshwaraCircle,2,0.8
BasaweshwaraCircle,8,1.6
BasaweshwaraCircle,18,0.8
BasaweshwaraCircle,20,0.8
Basveshwarnagar 8th main Junction,22,1.0
Batrayanapura(Amrutahalli)Junction,0,0.7857142857142857
Batrayanapura(Amrutahalli)Junction,1,0.7857142857142857
Batrayanapura(Amrutahalli)Junction,3,0.7857142857142857
Batrayanapura(Amrutahalli)Junction,4,1.5714285714285714
Batrayanapura(Amrutahalli)Junction,5,0.7857142857142857
Batrayanapura(Amrutahalli)Junction,6,0.7857142857142857
Batrayanapura(Amrutahalli)Junction,8,0.7857142857142857
Batrayanapura(Amrutahalli)Junction,19,1.5714285714285714
Batrayanapura(Amrutahalli)Junction,20,0.7857142857142857
Batrayanapura(Amrutahalli)Junction,21,1.5714285714285714
Batrayanapura(Amrutahalli)Junction,22,0.7857142857142857
BegumMahalJunc,18,0.5
BegumMahalJunc,22,1.5
"Bellandur Junction, Outer ring road",4,1.0
"Bellandur Junction, Outer ring road",6,1.0
"Bellandur Junction, Outer ring road",19,1.0
BhadrappaLayout,7,1.0
BhadrappaLayout,19,1.0
BhashyamCircle,6,1.0
BhashyamCircle,8,1.0
BhashyamCircle,23,1.0
BhashyamCircle-SadashivNagar,2,1.0
BhashyamCircle-SadashivNagar,5,1.0
BhashyamCircle-SadashivNagar,19,1.0
BhashyamCircle-SadashivNagar,22,1.0
BigBazaar(Whitefield)Junc,3,0.75
BigBazaar(Whitefield)Junc,5,1.5
BigBazaar(Whitefield)Junc,18,1.5
BigBazaar(Whitefield)Junc,21,0.75
BigBazaar(Whitefield)Junc,22,0.75
BigBazaar(Whitefield)Junc,23,0.75
BigBazaarJunction(OldMadrasRd),2,0.7692307692307692
BigBazaarJunction(OldMadrasRd),4,2.3076923076923075
BigBazaarJunction(OldMadrasRd),5,1.5384615384615383
BigBazaarJunction(OldMadrasRd),6,1.1538461538461535
BigBazaarJunction(OldMadrasRd),7,0.3846153846153846
BigBazaarJunction(OldMadrasRd),19,1.923076923076923
BigBazaarJunction(OldMadrasRd),20,0.3846153846153846
BigBazaarJunction(OldMadrasRd),21,0.3846153846153846
BigBazaarJunction(OldMadrasRd),22,0.3846153846153846
BigBazaarJunction(OldMadrasRd),23,0.7692307692307692
BilekahalliJunc,2,0.4285714285714285
BilekahalliJunc,5,1.7142857142857142
BilekahalliJunc,7,0.4285714285714285
BilekahalliJunc,11,0.4285714285714285
BilekahalliJunc,20,1.7142857142857142
BilekahalliJunc,21,1.2857142857142856
BinnyMillJunction,3,1.0
BinnyMillJunction,5,1.0
BinnyMillJunction,6,1.0
BinnyMillJunction,8,1.0
BinnyMillJunction,19,1.0
BinnyMillJunction,21,1.0
BinnyMillJunction,23,1.0
BiryandCircle,2,1.0
BiryandCircle,4,1.0
BiryandCircle,6,1.0
BiryandCircle,19,1.0
BloodBankCircle,1,0.5333333333333333
BloodBankCircle,2,0.5333333333333333
BloodBankCircle,4,0.5333333333333333
BloodBankCircle,5,1.0666666666666669
BloodBankCircle,7,2.1333333333333333
BloodBankCircle,9,0.5333333333333333
BloodBankCircle,19,0.5333333333333333
BloodBankCircle,23,2.1333333333333333
Bommanahalli,0,0.4615384615384615
Bommanahalli,1,0.9230769230769232
Bommanahalli,2,0.4615384615384615
Bommanahalli,4,0.4615384615384615
Bommanahalli,5,0.9230769230769232
Bommanahalli,6,1.3846153846153848
Bommanahalli,7,0.9230769230769232
Bommanahalli,12,0.4615384615384615
Bommanahalli,20,0.4615384615384615
Bommanahalli,21,1.8461538461538465
Bommanahalli,22,3.0
Bommanahalli,23,0.4615384615384615
BrigadeMillenium,8,1.0
BucheryJunction,0,0.4545454545454545
BucheryJunction,1,0.4545454545454545
BucheryJunction,6,1.3636363636363635
BucheryJunction,21,0.9090909090909092
BucheryJunction,23,1.818181818181818
CID-CarltonHouseJunc,3,1.5555555555555554
CID-CarltonHouseJunc,5,1.5555555555555554
CID-CarltonHouseJunc,6,0.7777777777777777
CID-CarltonHouseJunc,8,0.7777777777777777
CID-CarltonHouseJunc,19,0.7777777777777777
CID-CarltonHouseJunc,21,0.7777777777777777
CID-CarltonHouseJunc,22,0.7777777777777777
CIL CrossJunction-JayamahalRd,1,1.5
CIL CrossJunction-JayamahalRd,6,0.75
CIL CrossJunction-JayamahalRd,23,0.75
CMH Rd-AdarshTheaterJunc,0,1.2
CMH Rd-AdarshTheaterJunc,7,0.8
CMP GateJunc,3,0.8999999999999999
CMP GateJunc,4,0.8999999999999999
CMP GateJunc,5,0.4499999999999999
CMP GateJunc,6,0.4499999999999999
CMP GateJunc,19,2.7
CMP GateJunc,20,0.8999999999999999
CMP GateJunc,21,1.7999999999999998
CMP GateJunc,22,0.4499999999999999
CMP GateJunc,23,0.4499999999999999
CashPharmacyJunction,4,1.0
CashPharmacyJunction,6,1.0
CashPharmacyJunction,20,1.0
ChandraLayoutJunc-nearWaterTank,9,1.0
ChandraLayoutJunc-nearWaterTank,22,1.0
ChandrikaJunction,20,1.0
ChandrikaJunction,22,1.0
ChaudrayaCircle/UdayaTVCircle(CantonmentJunc),3,0.7142857142857143
ChaudrayaCircle/UdayaTVCircle(CantonmentJunc),5,1.4285714285714286
ChaudrayaCircle/UdayaTVCircle(CantonmentJunc),20,0.7142857142857143
ChaudrayaCircle/UdayaTVCircle(CantonmentJunc),22,1.4285714285714286
ChaudrayaCircle/UdayaTVCircle(CantonmentJunc),23,0.7142857142857143
Chokasandra (Tumkur road),0,0.7142857142857143
Chokasandra (Tumkur road),2,1.4285714285714286
Chokasandra (Tumkur road),3,0.7142857142857143
Chokasandra (Tumkur road),4,0.7142857142857143
Chokasandra (Tumkur road),5,1.4285714285714286
Chokasandra (Tumkur road),8,2.142857142857143
Chokasandra (Tumkur road),12,0.7142857142857143
Chokasandra (Tumkur road),14,0.7142857142857143
Chokasandra (Tumkur road),20,0.7142857142857143
Chokasandra (Tumkur road),22,0.7142857142857143
CholurpalyaJunction(MagadiRd),5,1.0
CholurpalyaJunction(MagadiRd),21,1.0
CoffeeBoardJunc,0,1.25
CoffeeBoardJunc,3,1.25
CoffeeBoardJunc,8,0.625
CoffeeBoardJunc,19,1.25
CoffeeBoardJunc,22,0.625
ColesParkJunc,22,1.0
CommandoHospitalJunc,1,0.6666666666666666
CommandoHospitalJunc,2,0.6666666666666666
CommandoHospitalJunc,19,2.0
CommandoHospitalJunc,23,0.6666666666666666
D'SouzaCircle,19,1.0
D'SouzaCircle,22,1.0
DMRoadJunc(Basavangudi),5,1.0
DairyCircle,2,1.0
DairyCircle,8,1.0
DairyCircle,20,1.0
DairyCircle,22,1.0
DairyCircle,23,1.0
Delmia-Jayanagar,3,1.0
Delmia-Jayanagar,5,1.0
Delmia-Jayanagar,21,1.0
Devanahalli new bus stand,2,1.0
DevanahalliCrossJunc,21,1.0
DevanahalliCrossJunc,23,1.0
DevangaHostelJunction,2,0.8
DevangaHostelJunction,4,1.6
DevangaHostelJunction,21,0.8
DevangaHostelJunction,22,0.8
Devasandra(k r puram),0,0.5333333333333333
Devasandra(k r puram),1,0.5333333333333333
Devasandra(k r puram),3,1.0666666666666669
Devasandra(k r puram),4,1.0666666666666669
Devasandra(k r puram),5,1.0666666666666669
Devasandra(k r puram),6,1.6
Devasandra(k r puram),7,0.5333333333333333
Devasandra(k r puram),8,0.5333333333333333
Devasandra(k r puram),9,0.5333333333333333
Devasandra(k r puram),17,0.5333333333333333
Devasandra(k r puram),18,3.0
Devasandra(k r puram),19,0.5333333333333333
Devasandra(k r puram),20,1.0666666666666669
Devasandra(k r puram),21,1.6
Devasandra(k r puram),22,0.5333333333333333
Devasandra(k r puram),23,0.5333333333333333
DevegowdaPetrolBunkJunc,21,1.0
Deverabeesanahalli-ORR Junc,1,1.2
Deverabeesanahalli-ORR Junc,3,1.2
Deverabeesanahalli-ORR Junc,6,0.6
Deverabeesanahalli-ORR Junc,7,0.6
Deverabeesanahalli-ORR Junc,18,0.6
Deverabeesanahalli-ORR Junc,19,0.6
Deverabeesanahalli-ORR Junc,20,2.4
Deverabeesanahalli-ORR Junc,21,1.2
Deverabeesanahalli-ORR Junc,22,0.6
DhobiGhatJunc,5,1.1428571428571428
DhobiGhatJunc,19,0.5714285714285714
DhobiGhatJunc,22,1.7142857142857142
DhobiGhatJunc,23,0.5714285714285714
DickensonRd-AdigasJunc,5,1.0
DoddaballapuraCrossJunc,2,1.0
DoddaballapuraCrossJunc,19,1.0
DoddaballapuraCrossJunc,23,1.0
DomlurWaterTank,3,1.3333333333333333
DomlurWaterTank,5,0.6666666666666666
DomlurWaterTank,6,0.6666666666666666
DomlurWaterTank,7,1.3333333333333333
DomlurWaterTank,9,0.6666666666666666
DomlurWaterTank,19,0.6666666666666666
DomlurWaterTank,21,2.0
DomlurWaterTank,22,0.6666666666666666
Dr RajkumarRd-10thCrossRdJunc,9,0.8
Dr RajkumarRd-10thCrossRdJunc,19,0.8
Dr RajkumarRd-10thCrossRdJunc,21,1.6
Dr RajkumarRd-10thCrossRdJunc,22,0.8
Dr TCM RoyanRd near AmbedkarStatue,0,0.7272727272727273
Dr TCM RoyanRd near AmbedkarStatue,1,0.7272727272727273
Dr TCM RoyanRd near AmbedkarStatue,3,0.7272727272727273
Dr TCM RoyanRd near AmbedkarStatue,6,1.4545454545454546
Dr TCM RoyanRd near AmbedkarStatue,8,0.7272727272727273
Dr TCM RoyanRd near AmbedkarStatue,19,0.7272727272727273
Dr TCM RoyanRd near AmbedkarStatue,22,0.7272727272727273
Dr TCM RoyanRd near AmbedkarStatue,23,2.1818181818181817
ESI(k r puram),1,1.0
ElectronicCityGate-2Junc,0,1.3333333333333333
ElectronicCityGate-2Junc,17,0.6666666666666666
ElectronicCityGate-2Junc,21,0.6666666666666666
ElectronicCityGate-2Junc,22,1.3333333333333333
EliteJunc,0,1.0
EliteJunc,3,1.0
EliteJunc,6,1.0
EliteJunc,19,1.0
EliteJunc,20,1.0
EliteJunc,21,1.0
FTI Junction(KanteeravaStudio),0,0.6363636363636364
FTI Junction(KanteeravaStudio),5,0.6363636363636364
FTI Junction(KanteeravaStudio),6,1.2727272727272727
FTI Junction(KanteeravaStudio),7,0.6363636363636364
FTI Junction(KanteeravaStudio),19,0.6363636363636364
FTI Junction(KanteeravaStudio),20,1.2727272727272727
FTI Junction(KanteeravaStudio),21,1.9090909090909087
Fire Force Junction,0,1.0
Fire Force Junction,1,1.0
GangammagudiJunc,0,1.0
GangammagudiJunc,5,1.0
GangammagudiJunc,6,1.0
GangammagudiJunc,9,1.0
GangammagudiJunc,19,1.0
GangammagudiJunc,22,1.0
GarebhavipalyaJunc,5,0.8
GarebhavipalyaJunc,9,1.6
GarebhavipalyaJunc,20,0.8
GarebhavipalyaJunc,23,0.8
Geeta Circle,19,1.0
Geethanjali jn,3,1.0
Geethanjali jn,23,1.0
GokuldasImagesJunc,0,0.3928571428571428
GokuldasImagesJunc,2,1.1785714285714286
GokuldasImagesJunc,3,0.3928571428571428
GokuldasImagesJunc,4,0.3928571428571428
GokuldasImagesJunc,5,0.3928571428571428
GokuldasImagesJunc,7,0.7857142857142857
GokuldasImagesJunc,17,0.3928571428571428
GokuldasImagesJunc,19,1.9642857142857144
GokuldasImagesJunc,20,1.5714285714285714
GokuldasImagesJunc,21,2.75
GokuldasImagesJunc,22,0.7857142857142857
GopalGowdaJUnc,2,0.6666666666666666
GopalGowdaJUnc,21,1.3333333333333333
GorappanapalyaJunction,20,1.0
GoruguntepalyaJunc,0,1.65
GoruguntepalyaJunc,2,1.1
GoruguntepalyaJunc,3,0.55
GoruguntepalyaJunc,4,0.55
GoruguntepalyaJunc,5,1.65
GoruguntepalyaJunc,8,0.55
GoruguntepalyaJunc,10,0.55
GoruguntepalyaJunc,18,1.1
GoruguntepalyaJunc,19,1.65
GoruguntepalyaJunc,20,1.1
GoruguntepalyaJunc,23,0.55
GovindapuraCross,23,1.0
GowdanapalyaJunction,1,1.0
HSR14thMainJunc,0,1.0
HSR14thMainJunc,6,1.0
HSR14thMainJunc,20,1.0
HainsJunc,0,1.0
HainsJunc,3,1.0
HainsJunc,4,1.0
HainsJunc,8,1.0
HainsJunc,11,1.0
HainsJunc,22,1.0
HalliThindi,4,1.0
HalliThindi,5,1.0
HalliThindi,19,1.0
HebbalFlyoverJunc,0,0.9285714285714286
HebbalFlyoverJunc,1,0.9285714285714286
HebbalFlyoverJunc,4,0.4642857142857143
HebbalFlyoverJunc,5,1.8571428571428568
HebbalFlyoverJunc,6,1.8571428571428568
HebbalFlyoverJunc,11,0.4642857142857143
HebbalFlyoverJunc,12,1.392857142857143
HebbalFlyoverJunc,13,0.4642857142857143
HebbalFlyoverJunc,19,0.9285714285714286
HebbalFlyoverJunc,20,1.392857142857143
HebbalFlyoverJunc,21,0.9285714285714286
HebbalFlyoverJunc,22,0.9285714285714286
HebbalFlyoverJunc,23,0.4642857142857143
HennurRd-DavisRdJunction,3,1.0
HennurRd-DavisRdJunction,20,1.0
HennurRoad-ORR Junc,0,0.5882352941176471
HennurRoad-ORR Junc,1,1.1764705882352942
HennurRoad-ORR Junc,2,1.7647058823529411
HennurRoad-ORR Junc,6,0.5882352941176471
HennurRoad-ORR Junc,7,0.5882352941176471
HennurRoad-ORR Junc,18,0.5882352941176471
HennurRoad-ORR Junc,20,0.5882352941176471
HennurRoad-ORR Junc,21,1.7647058823529411
HennurRoad-ORR Junc,22,1.7647058823529411
HennurRoad-ORR Junc,23,0.5882352941176471
HesaraghattaJunction,0,0.5333333333333333
HesaraghattaJunction,1,1.6
HesaraghattaJunction,2,1.0666666666666669
HesaraghattaJunction,3,3.0
HesaraghattaJunction,4,0.5333333333333333
HesaraghattaJunction,5,0.5333333333333333
HesaraghattaJunction,6,0.5333333333333333
HesaraghattaJunction,7,0.5333333333333333
HesaraghattaJunction,8,1.0666666666666669
HesaraghattaJunction,10,0.5333333333333333
HesaraghattaJunction,11,0.5333333333333333
HesaraghattaJunction,12,1.0666666666666669
HesaraghattaJunction,18,0.5333333333333333
HesaraghattaJunction,19,1.0666666666666669
HesaraghattaJunction,20,1.6
HesaraghattaJunction,21,1.0666666666666669
HoodiJunction,1,1.0
HoodiJunction,3,1.0
HoodiJunction,4,1.0
HoodiJunction,5,1.0
HoodiJunction,20,1.0
HoodiJunction,22,1.0
HopefarmJunction,9,0.6
HopefarmJunction,14,0.6
HopefarmJunction,18,1.2
HopefarmJunction,19,0.6
HopefarmJunction,20,2.4
HopefarmJunction,23,0.6
HoramavuJunction,1,0.5833333333333334
HoramavuJunction,3,0.5833333333333334
HoramavuJunction,6,0.5833333333333334
HoramavuJunction,7,0.5833333333333334
HoramavuJunction,12,2.333333333333333
HoramavuJunction,18,1.1666666666666667
HoramavuJunction,19,1.1666666666666667
HosmatJunction,1,0.6666666666666666
HosmatJunction,2,1.3333333333333333
HudsonCircle,0,1.3333333333333333
HudsonCircle,1,1.3333333333333333
HudsonCircle,3,0.6666666666666666
HudsonCircle,4,0.6666666666666666
HudsonCircle,6,1.3333333333333333
HudsonCircle,19,0.6666666666666666
HudsonCircle,20,0.6666666666666666
HudsonCircle,21,1.3333333333333333
HudsonCircle,22,1.3333333333333333
HudsonCircle,23,0.6666666666666666
HulimaveRd-BanneraghattaRdJunc,0,0.5555555555555556
HulimaveRd-BanneraghattaRdJunc,6,1.1111111111111112
HulimaveRd-BanneraghattaRdJunc,20,0.5555555555555556
HulimaveRd-BanneraghattaRdJunc,21,1.1111111111111112
HulimaveRd-BanneraghattaRdJunc,22,1.6666666666666663
HunsemarammanahalliJunction,5,1.1428571428571428
HunsemarammanahalliJunction,6,0.5714285714285714
HunsemarammanahalliJunction,18,0.5714285714285714
HunsemarammanahalliJunction,20,1.7142857142857142
ISRO Junction-Airport rd,0,1.5555555555555554
ISRO Junction-Airport rd,4,0.7777777777777777
ISRO Junction-Airport rd,5,1.5555555555555554
ISRO Junction-Airport rd,7,0.7777777777777777
ISRO Junction-Airport rd,20,0.7777777777777777
ISRO Junction-Airport rd,21,0.7777777777777777
ISRO Junction-Airport rd,23,0.7777777777777777
ISRO Junction-NewBEL Rd,19,1.0
IbblurJunction',0,2.076923076923077
IbblurJunction',1,1.3846153846153846
IbblurJunction',5,0.6923076923076923
IbblurJunction',6,0.6923076923076923
IbblurJunction',8,0.6923076923076923
IbblurJunction',11,0.6923076923076923
IbblurJunction',19,0.6923076923076923
IbblurJunction',20,1.3846153846153846
IbblurJunction',23,0.6923076923076923
IndianExpressJunction,1,1.0
IndianExpressJunction,4,0.5
IndianExpressJunction,5,1.0
IndianExpressJunction,6,0.5
IndianExpressJunction,19,2.0
IndianExpressJunction,20,0.5
IndianExpressJunction,21,1.0
IndianExpressJunction,22,1.5
Indiranasgar13thMainJunc,5,1.0
Indiranasgar13thMainJunc,23,1.0
ItmaduJunction,0,1.6666666666666667
ItmaduJunction,2,0.8333333333333334
ItmaduJunction,6,0.8333333333333334
ItmaduJunction,21,0.8333333333333334
ItmaduJunction,22,0.8333333333333334
J D MaraJunc,0,1.0
J D MaraJunc,4,1.0
J D MaraJunc,20,1.0
JP Nagar 15th cross junction,2,0.7142857142857143
JP Nagar 15th cross junction,5,0.7142857142857143
JP Nagar 15th cross junction,19,0.7142857142857143
JP Nagar 15th cross junction,20,0.7142857142857143
JP Nagar 15th cross junction,21,2.142857142857143
JP Nagar 9th cross-24th main jn,4,0.6
JP Nagar 9th cross-24th main jn,21,1.7999999999999998
JP Nagar 9th cross-24th main jn,22,0.6
JaiMuniRaoCircle,2,0.8
JaiMuniRaoCircle,5,0.8
JaiMuniRaoCircle,7,0.8
JaiMuniRaoCircle,21,1.6
Jaipuria-Adugodi,2,1.0
Jaipuria-Adugodi,4,1.0
Jaipuria-Adugodi,6,1.0
Jaipuria-Adugodi,19,1.0
JakkurCrossJunction,0,0.6666666666666666
JakkurCrossJunction,1,0.6666666666666666
JakkurCrossJunction,3,1.3333333333333333
JakkurCrossJunction,4,0.6666666666666666
JakkurCrossJunction,5,1.3333333333333333
JakkurCrossJunction,7,2.0
JakkurCrossJunction,8,1.3333333333333333
JakkurCrossJunction,9,1.3333333333333333
JakkurCrossJunction,12,0.6666666666666666
JakkurCrossJunction,13,0.6666666666666666
JakkurCrossJunction,20,0.6666666666666666
JakkurCrossJunction,21,0.6666666666666666
JalahalliCross(SM Circle),0,0.875
JalahalliCross(SM Circle),1,1.75
JalahalliCross(SM Circle),2,1.3125
JalahalliCross(SM Circle),3,1.75
JalahalliCross(SM Circle),4,0.4375
JalahalliCross(SM Circle),5,1.3125
JalahalliCross(SM Circle),6,0.4375
JalahalliCross(SM Circle),8,0.4375
JalahalliCross(SM Circle),9,0.4375
JalahalliCross(SM Circle),18,0.875
JalahalliCross(SM Circle),20,0.4375
JalahalliCross(SM Circle),21,2.1875
JalahalliCross(SM Circle),22,1.3125
JalahalliCross(SM Circle),23,0.4375
JayadevaHospitalJunc,5,1.25
JayadevaHospitalJunc,6,0.625
JayadevaHospitalJunc,13,0.625
JayadevaHospitalJunc,21,1.25
JayadevaHospitalJunc,22,1.25
"Jayanagar 4th main,36th cross",21,1.0
JohnsonMarket,2,1.0
JohnsonMarket,6,1.0
JohnsonMarket,8,1.0
K G Junction,4,1.0
K H Road-SiddaiahRdJunc(BMTC-BigBazaar),1,1.6666666666666667
K H Road-SiddaiahRdJunc(BMTC-BigBazaar),3,0.8333333333333334
K H Road-SiddaiahRdJunc(BMTC-BigBazaar),20,0.8333333333333334
K H Road-SiddaiahRdJunc(BMTC-BigBazaar),21,0.8333333333333334
K H Road-SiddaiahRdJunc(BMTC-BigBazaar),23,0.8333333333333334
K R Circle,0,1.8666666666666667
K R Circle,1,0.4666666666666667
K R Circle,2,1.4
K R Circle,3,0.9333333333333332
K R Circle,4,0.9333333333333332
K R Circle,6,0.4666666666666667
K R Circle,8,0.9333333333333332
K R Circle,13,0.4666666666666667
K R Circle,17,0.4666666666666667
K R Circle,18,0.9333333333333332
K R Circle,19,0.9333333333333332
K R Circle,20,0.4666666666666667
K R Circle,21,2.8000000000000003
K R Circle,22,0.9333333333333332
K R MarketJunction,3,1.0
K R MarketJunction,4,1.0
K R MarketJunction,5,1.0
K R MarketJunction,9,1.0
K R MarketJunction,11,1.0
K R MarketJunction,19,1.0
K R MarketJunction,20,1.0
KCG HospitalJunction,2,1.0
KCG HospitalJunction,3,1.0
KHB Junction,2,1.0
KIMCO Junction,0,1.6774193548387095
KIMCO Junction,1,0.4193548387096774
KIMCO Junction,3,0.4193548387096774
KIMCO Junction,4,1.2580645161290325
KIMCO Junction,5,0.4193548387096774
KIMCO Junction,6,0.4193548387096774
KIMCO Junction,7,0.8387096774193549
KIMCO Junction,8,0.8387096774193549
KIMCO Junction,16,0.8387096774193549
KIMCO Junction,19,2.096774193548387
KIMCO Junction,20,2.096774193548387
KIMCO Junction,21,1.2580645161290325
KIMCO Junction,23,0.4193548387096774
KR Road-14thCross Junc,7,1.0
KadirenahalliJunction,2,0.75
KadirenahalliJunction,4,1.5
KadirenahalliJunction,19,0.75
KadirenahalliJunction,20,1.5
KadirenahalliJunction,21,0.75
KadirenahalliJunction,22,0.75
Kadubeesanahalli-ORR Junc,0,0.8333333333333334
Kadubeesanahalli-ORR Junc,1,0.8333333333333334
Kadubeesanahalli-ORR Junc,2,0.8333333333333334
Kadubeesanahalli-ORR Junc,3,0.8333333333333334
Kadubeesanahalli-ORR Junc,4,0.8333333333333334
Kadubeesanahalli-ORR Junc,5,0.8333333333333334
Kadubeesanahalli-ORR Junc,17,0.8333333333333334
Kadubeesanahalli-ORR Junc,19,0.8333333333333334
Kadubeesanahalli-ORR Junc,21,2.5
Kadubeesanahalli-ORR Junc,22,0.8333333333333334
KalyanNagar-ORR Junc,0,1.0
KalyanNagar-ORR Junc,2,1.0
KalyanNagar-ORR Junc,6,1.0
KalyanNagar-ORR Junc,12,1.0
KalyanNagar-ORR Junc,19,1.0
KalyanNagar-ORR Junc,22,1.0
KamakyaJunction,22,1.0
Kammanahalli-RingRoadJunction,4,1.0
Kammanahalli-RingRoadJunction,19,1.0
KamrajRdJunction,4,1.6
KamrajRdJunction,7,0.8
KamrajRdJunction,8,0.8
KamrajRdJunction,20,0.8
KanakapuraRd-RingRdJunction,4,0.75
KanakapuraRd-RingRdJunction,6,1.5
KanakapuraRd-RingRdJunction,7,0.75
KanakapuraRd-RingRdJunction,19,1.5
KanakapuraRd-RingRdJunction,21,0.75
KanakapuraRd-RingRdJunction,23,0.75
KarnatakaBhavanJunction,1,2.0
KarnatakaBhavanJunction,6,0.5
KarnatakaBhavanJunction,7,1.0
KarnatakaBhavanJunction,22,0.5
KatriguppeJunction,0,0.6666666666666666
KatriguppeJunction,1,0.6666666666666666
KatriguppeJunction,3,1.3333333333333333
KatriguppeJunction,5,0.6666666666666666
KatriguppeJunction,7,0.6666666666666666
KatriguppeJunction,8,0.6666666666666666
KatriguppeJunction,20,0.6666666666666666
KatriguppeJunction,21,2.6666666666666665
KensingtonOvalJunc,7,1.0
KhodaysCircle(DV UrsCircle),0,0.8695652173913044
KhodaysCircle(DV UrsCircle),1,0.4347826086956522
KhodaysCircle(DV UrsCircle),2,0.4347826086956522
KhodaysCircle(DV UrsCircle),4,0.8695652173913044
KhodaysCircle(DV UrsCircle),5,0.4347826086956522
KhodaysCircle(DV UrsCircle),6,1.3043478260869563
KhodaysCircle(DV UrsCircle),7,0.4347826086956522
KhodaysCircle(DV UrsCircle),20,2.173913043478261
KhodaysCircle(DV UrsCircle),21,1.7391304347826089
KhodaysCircle(DV UrsCircle),22,1.3043478260869563
KodigehalliCross,1,1.2727272727272727
KodigehalliCross,2,1.2727272727272727
KodigehalliCross,4,1.2727272727272727
KodigehalliCross,6,0.6363636363636364
KodigehalliCross,8,0.6363636363636364
KodigehalliCross,21,1.2727272727272727
KodigehalliCross,23,0.6363636363636364
KogilluCrossJunc,0,0.6666666666666666
KogilluCrossJunc,3,0.6666666666666666
KogilluCrossJunc,5,0.6666666666666666
KogilluCrossJunc,7,0.6666666666666666
KogilluCrossJunc,8,1.3333333333333333
KogilluCrossJunc,18,0.6666666666666666
KogilluCrossJunc,20,0.6666666666666666
KogilluCrossJunc,21,2.0
KogilluCrossJunc,22,2.0
KogilluCrossJunc,23,0.6666666666666666
KonanakunteJunction(KanakapurarRd),0,1.6666666666666667
KonanakunteJunction(KanakapurarRd),5,0.8333333333333334
KonanakunteJunction(KanakapurarRd),6,0.8333333333333334
KonanakunteJunction(KanakapurarRd),7,0.8333333333333334
KonanakunteJunction(KanakapurarRd),21,0.8333333333333334
KoramangalaWaterTankJunc,5,1.3793103448275863
KoramangalaWaterTankJunc,6,0.3
KoramangalaWaterTankJunc,8,0.3
KoramangalaWaterTankJunc,19,1.3793103448275863
KoramangalaWaterTankJunc,20,0.3
KoramangalaWaterTankJunc,21,1.6551724137931034
KoramangalaWaterTankJunc,22,0.5517241379310345
KoramangalaWaterTankJunc,23,2.206896551724138
KrishnaFlourMill,2,1.1764705882352942
KrishnaFlourMill,3,0.5882352941176471
KrishnaFlourMill,4,0.5882352941176471
KrishnaFlourMill,5,2.9411764705882355
KrishnaFlourMill,6,1.1764705882352942
KrishnaFlourMill,7,0.5882352941176471
KrishnaFlourMill,18,0.5882352941176471
KrishnaFlourMill,19,1.1764705882352942
KrishnaFlourMill,21,0.5882352941176471
KrishnaFlourMill,22,0.5882352941176471
Krupanidhi College,5,0.6
Krupanidhi College,7,1.2
Krupanidhi College,23,1.2
Kudlu Gate Junc,4,1.3333333333333333
Kudlu Gate Junc,19,1.3333333333333333
Kudlu Gate Junc,20,0.6666666666666666
Kudlu Gate Junc,21,0.6666666666666666
KundanahalliGateJunc,0,1.7999999999999998
KundanahalliGateJunc,3,0.6
KundanahalliGateJunc,4,0.6
KundanahalliGateJunc,5,1.7999999999999998
KundanahalliGateJunc,22,0.6
KundanahalliGateJunc,23,0.6
KuvempuCircle,20,1.0
KuvempuCircle,22,1.0
KuvempuCircle,23,1.0
"KuvempuCircleJunc,HAL MainGate",20,1.0
LRDE Junction,2,0.7777777777777777
LRDE Junction,4,0.7777777777777777
LRDE Junction,5,0.7777777777777777
LRDE Junction,19,2.333333333333333
LRDE Junction,20,0.7777777777777777
LRDE Junction,21,0.7777777777777777
LRDE Junction,22,0.7777777777777777
LalbaghMainGateJunc,3,0.8333333333333334
LalbaghMainGateJunc,4,0.8333333333333334
LalbaghMainGateJunc,7,1.6666666666666667
LalbaghMainGateJunc,8,0.8333333333333334
LalbaghMainGateJunc,23,0.8333333333333334
LalbaghWestGate,19,1.0
LeprosyhospitalJunc,1,0.55
LeprosyhospitalJunc,2,1.65
LeprosyhospitalJunc,5,1.1
LeprosyhospitalJunc,6,1.65
LeprosyhospitalJunc,7,0.55
LeprosyhospitalJunc,8,1.1
LeprosyhospitalJunc,19,0.55
LeprosyhospitalJunc,20,1.1
LeprosyhospitalJunc,21,0.55
LeprosyhospitalJunc,22,1.1
LeprosyhospitalJunc,23,1.1
LinkRoadMalleswaramJunc,19,1.0
LinkRoadMalleswaramJunc,21,1.0
LinkRoadMalleswaramJunc,23,1.0
LowerAgaram(IndiaGarage)Junc,6,0.6666666666666666
LowerAgaram(IndiaGarage)Junc,7,1.3333333333333333
MC Circle,0,0.8333333333333334
MC Circle,3,1.6666666666666667
MC Circle,7,0.8333333333333334
MC Circle,19,0.8333333333333334
MC Circle,23,0.8333333333333334
MICO Bande,4,0.8333333333333334
MICO Bande,5,0.8333333333333334
MICO Bande,20,0.8333333333333334
MICO Bande,21,1.6666666666666667
MICO Bande,22,0.8333333333333334
MS RamaiahJunc(TollGate),0,1.4545454545454546
MS RamaiahJunc(TollGate),4,0.7272727272727273
MS RamaiahJunc(TollGate),5,0.7272727272727273
MS RamaiahJunc(TollGate),6,0.7272727272727273
MS RamaiahJunc(TollGate),8,0.7272727272727273
MS RamaiahJunc(TollGate),19,1.4545454545454546
MS RamaiahJunc(TollGate),20,0.7272727272727273
MS RamaiahJunc(TollGate),21,1.4545454545454546
MSRamaiahHospitalJunc,5,1.0
MahalaxmiLayoutEntranceJunc,2,1.2
MahalaxmiLayoutEntranceJunc,21,0.6
MahalaxmiLayoutEntranceJunc,22,1.2
MaharajaJunction,8,1.0
MaharajaJunction,21,1.0
Malleswaram18thCrossRd-SampigeRdJunc,3,0.8
Malleswaram18thCrossRd-SampigeRdJunc,7,1.6
Malleswaram18thCrossRd-SampigeRdJunc,8,0.8
Malleswaram18thCrossRd-SampigeRdJunc,20,0.8
ManipalCentreJunc,19,1.0
ManipalCentreJunc,21,1.0
MaratahalliBridgeJunc,0,0.625
MaratahalliBridgeJunc,2,0.625
MaratahalliBridgeJunc,4,0.625
MaratahalliBridgeJunc,5,0.625
MaratahalliBridgeJunc,6,1.25
MaratahalliBridgeJunc,8,0.625
MaratahalliBridgeJunc,11,0.625
MaratahalliBridgeJunc,19,1.25
MaratahalliBridgeJunc,21,3.0
MaratahalliBridgeJunc,22,0.625
MarenahalliRd-18thMainRdJunc,21,1.0
MarenahalliRd-18thMainRdJunc,22,1.0
MargosaRd-18thCrossJunc,1,0.6666666666666666
MargosaRd-18thCrossJunc,5,0.6666666666666666
MargosaRd-18thCrossJunc,7,0.6666666666666666
MargosaRd-18thCrossJunc,21,2.0
Marigowda-TavarkereRdJunc,3,0.6153846153846154
Marigowda-TavarkereRdJunc,4,1.8461538461538465
Marigowda-TavarkereRdJunc,7,1.2307692307692308
Marigowda-TavarkereRdJunc,8,0.6153846153846154
Marigowda-TavarkereRdJunc,18,0.6153846153846154
Marigowda-TavarkereRdJunc,20,0.6153846153846154
Marigowda-TavarkereRdJunc,21,1.8461538461538465
Marigowda-TavarkereRdJunc,23,0.6153846153846154
MayohallJunction,2,1.0
MayohallJunction,4,1.0
MayohallJunction,5,1.0
MayohallJunction,22,1.0
MayohallJunction,23,1.0
MeenakshiMallJunc,5,2.5
MeenakshiMallJunc,7,0.625
MeenakshiMallJunc,10,0.625
MeenakshiMallJunc,22,0.625
MeenakshiMallJunc,23,0.625
MekhriCircle,0,0.3
MekhriCircle,1,1.59375
MekhriCircle,2,1.328125
MekhriCircle,3,0.53125
MekhriCircle,4,1.859375
MekhriCircle,5,0.3
MekhriCircle,6,0.53125
MekhriCircle,7,0.53125
MekhriCircle,8,0.3
MekhriCircle,9,1.859375
MekhriCircle,10,0.796875
MekhriCircle,18,1.0625
MekhriCircle,19,1.59375
MekhriCircle,20,1.328125
MekhriCircle,21,0.53125
MekhriCircle,22,0.53125
MekhriCircle,23,2.125
MillCornerRd-SampigeRdJunc,0,1.1111111111111112
MillCornerRd-SampigeRdJunc,3,1.6666666666666663
MillCornerRd-SampigeRdJunc,4,0.5555555555555556
MillCornerRd-SampigeRdJunc,6,0.5555555555555556
MillCornerRd-SampigeRdJunc,23,1.1111111111111112
Minerva Circle,0,1.0
Minerva Circle,5,1.0
MinskSquare(CTO Junction),1,0.875
MinskSquare(CTO Junction),5,0.875
MinskSquare(CTO Junction),7,0.875
MinskSquare(CTO Junction),8,0.875
MinskSquare(CTO Junction),19,1.75
MinskSquare(CTO Junction),22,0.875
MinskSquare(CTO Junction),23,0.875
MintoJunction,4,1.0
MintoJunction,5,1.0
MintoJunction,18,1.0
MintoJunction,21,1.0
MintoJunction,23,1.0
ModiBridgeJunction,8,0.6666666666666666
ModiBridgeJunction,21,1.3333333333333333
ModiHospital,5,1.0
MotherTeressaCircle,0,1.4545454545454546
MotherTeressaCircle,1,0.7272727272727273
MotherTeressaCircle,2,0.7272727272727273
MotherTeressaCircle,6,1.4545454545454546
MotherTeressaCircle,7,1.4545454545454546
MotherTeressaCircle,19,0.7272727272727273
MotherTeressaCircle,20,0.7272727272727273
MotherTeressaCircle,23,0.7272727272727273
MysoreRd--MadhuPetrolBunkJunction,1,1.0
MysoreRd--MadhuPetrolBunkJunction,2,1.0
MysoreRd--MadhuPetrolBunkJunction,9,1.0
MysoreRd--MadhuPetrolBunkJunction,21,1.0
MysoreRd-RingRdJunc(Nayandanahallii),0,0.5
MysoreRd-RingRdJunc(Nayandanahallii),3,0.5
MysoreRd-RingRdJunc(Nayandanahallii),4,1.5
MysoreRd-RingRdJunc(Nayandanahallii),5,1.0
MysoreRd-RingRdJunc(Nayandanahallii),7,1.0
MysoreRd-RingRdJunc(Nayandanahallii),8,0.5
MysoreRd-RingRdJunc(Nayandanahallii),19,0.5
MysoreRd-RingRdJunc(Nayandanahallii),20,2.5
MysoreRd-RingRdJunc(Nayandanahallii),21,1.0
N R SquareJunc,1,1.0
N R SquareJunc,2,1.0
N R SquareJunc,4,1.0
N R SquareJunc,5,1.0
N R SquareJunc,6,1.0
N R SquareJunc,19,1.0
N R SquareJunc,20,1.0
N R SquareJunc,21,1.0
N R SquareJunc,22,1.0
N R SquareJunc,23,1.0
NCERT Junction,5,1.0
NGV RearGateJunc,7,1.0
NGV RearGateJunc,19,1.0
NIMHANS Junction,0,0.8333333333333334
NIMHANS Junction,4,0.8333333333333334
NIMHANS Junction,6,0.8333333333333334
NIMHANS Junction,19,0.8333333333333334
NIMHANS Junction,23,1.6666666666666667
NTTF JunctionPeenya,2,1.0
NTTF JunctionPeenya,7,1.0
NagaTheaterJunc-Ulsoor,8,1.0
NaganathapuraJunction,4,1.1666666666666667
NaganathapuraJunction,5,1.75
NaganathapuraJunction,6,0.5833333333333334
NaganathapuraJunction,8,0.5833333333333334
NaganathapuraJunction,9,0.5833333333333334
NaganathapuraJunction,19,1.1666666666666667
NaganathapuraJunction,20,1.1666666666666667
Nagarbhavi,2,0.5555555555555556
Nagarbhavi,8,0.5555555555555556
Nagarbhavi,20,0.5555555555555556
Nagarbhavi,21,2.2222222222222223
Nagarbhavi,23,1.1111111111111112
Nagavara-ORR Junction,0,0.3666666666666667
Nagavara-ORR Junction,3,0.7333333333333334
Nagavara-ORR Junction,4,0.7333333333333334
Nagavara-ORR Junction,5,0.7333333333333334
Nagavara-ORR Junction,6,1.1
Nagavara-ORR Junction,7,0.3666666666666667
Nagavara-ORR Junction,19,1.4666666666666668
Nagavara-ORR Junction,20,1.4666666666666668
Nagavara-ORR Junction,21,1.8333333333333337
Nagavara-ORR Junction,22,1.1
Nagavara-ORR Junction,23,1.1
NandiCross(RaniCross),5,1.0
NandiCross(RaniCross),6,1.0
NandiCross(RaniCross),20,1.0
"Narayanapura cross, Hegde nagar",4,1.3333333333333333
"Narayanapura cross, Hegde nagar",7,0.6666666666666666
NationalCollege,12,1.0
NavarangBarJunc-Dr RajkumarRd,5,1.0
NavarangTheatreJunction,23,1.0
OldMadrasRd-80FeetRdJunc,0,0.75
OldMadrasRd-80FeetRdJunc,3,0.75
OldMadrasRd-80FeetRdJunc,7,1.5
OldMadrasRd-80FeetRdJunc,8,1.5
OldMadrasRd-80FeetRdJunc,12,0.75
OldMadrasRd-80FeetRdJunc,20,0.75
OldMadrasRd-BMTC DepotJunc,9,1.0
OldMadrasRd-DoubleRdJunc,0,1.0
OldMadrasRd-DoubleRdJunc,5,1.0
OldMadrasRd-DoubleRdJunc,23,1.0
OldMadrasRd-Indranagar100ftRdJunc,6,1.1666666666666667
OldMadrasRd-Indranagar100ftRdJunc,7,1.1666666666666667
OldMadrasRd-Indranagar100ftRdJunc,9,0.5833333333333334
OldMadrasRd-Indranagar100ftRdJunc,19,1.1666666666666667
OldMadrasRd-Indranagar100ftRdJunc,20,1.75
OldMadrasRd-Indranagar100ftRdJunc,21,0.5833333333333334
OldMadrasRd-Indranagar100ftRdJunc,22,0.5833333333333334
OldMadrasRd-NGEF Junc,0,0.75
OldMadrasRd-NGEF Junc,2,0.75
OldMadrasRd-NGEF Junc,6,0.75
OldMadrasRd-NGEF Junc,18,0.75
OldMadrasRd-NGEF Junc,19,1.5
OldMadrasRd-NGEF Junc,21,1.5
OldMadrasRd-SuddaguntepalyaRdJunc,3,1.3333333333333333
OldMadrasRd-SuddaguntepalyaRdJunc,11,0.6666666666666666
OldPoliceStation-Ashoknagar,4,0.8
OldPoliceStation-Ashoknagar,5,1.6
OldPoliceStation-Ashoknagar,22,0.8
OldPoliceStation-Ashoknagar,23,0.8
OperaHouseJunc,1,1.6666666666666667
OperaHouseJunc,5,0.8333333333333334
OperaHouseJunc,6,0.8333333333333334
OperaHouseJunc,21,0.8333333333333334
OperaHouseJunc,22,0.8333333333333334
PES-DevegowdaCircle,0,0.75
PES-DevegowdaCircle,3,0.75
PES-DevegowdaCircle,21,1.5
Peenya14thCrossJunc,6,1.0
Peenya2ndStageBusStand,0,1.0
Peenya2ndStageBusStand,21,1.0
PeenyaPoliceStation,0,0.6666666666666666
PeenyaPoliceStation,1,0.6666666666666666
PeenyaPoliceStation,3,2.0
PeenyaPoliceStation,4,0.6666666666666666
PeenyaPoliceStation,8,0.6666666666666666
PeenyaPoliceStation,9,1.3333333333333333
PeenyaPoliceStation,19,0.6666666666666666
PeenyaPoliceStation,23,1.3333333333333333
PlatformRdJunction,0,1.7999999999999998
PlatformRdJunction,21,0.6
PlatformRdJunction,22,0.6
PoliceCornerJunc,0,1.0
PoliceCornerJunc,1,1.0
PoliceCornerJunc,2,0.5
PoliceCornerJunc,3,2.0
PoliceCornerJunc,4,0.5
PoliceCornerJunc,5,0.5
PoliceCornerJunc,6,2.0
PoliceCornerJunc,7,0.5
PoliceCornerJunc,8,1.0
PoliceCornerJunc,18,1.0
PoliceCornerJunc,20,1.0
PoliceCornerJunc,21,1.0
PoliceCornerJunc,22,1.0
PoliceTimmaiahCircle(GPO),0,0.6428571428571428
PoliceTimmaiahCircle(GPO),1,0.6428571428571428
PoliceTimmaiahCircle(GPO),2,0.6428571428571428
PoliceTimmaiahCircle(GPO),4,0.6428571428571428
PoliceTimmaiahCircle(GPO),6,0.6428571428571428
PoliceTimmaiahCircle(GPO),9,0.6428571428571428
PoliceTimmaiahCircle(GPO),19,1.2857142857142856
PoliceTimmaiahCircle(GPO),20,1.2857142857142856
PoliceTimmaiahCircle(GPO),22,2.571428571428571
PotteryCircle,2,0.6
PotteryCircle,4,0.6
PotteryCircle,20,1.7999999999999998
PrasannaJunction,3,1.5
PrasannaJunction,4,0.5
PrasannaJunction,20,1.0
"PriyadarshiniHotel,Jayamahal,RT Nagar",3,0.8
"PriyadarshiniHotel,Jayamahal,RT Nagar",21,0.8
"PriyadarshiniHotel,Jayamahal,RT Nagar",22,1.6
"PriyadarshiniHotel,Jayamahal,RT Nagar",23,0.8
PurnimaTheaterJunc,2,0.7142857142857143
PurnimaTheaterJunc,4,1.4285714285714286
PurnimaTheaterJunc,5,1.4285714285714286
PurnimaTheaterJunc,20,0.7142857142857143
PurnimaTheaterJunc,22,0.7142857142857143
PuttammaChoultryNagarbhavi,12,1.0
PuttammaChoultryNagarbhavi,22,1.0
QueensStatueCircle,0,0.7142857142857143
QueensStatueCircle,3,1.4285714285714286
QueensStatueCircle,19,1.4285714285714286
QueensStatueCircle,20,0.7142857142857143
QueensStatueCircle,21,0.7142857142857143
RRR(Okalipuram)Junction,2,0.6666666666666666
RRR(Okalipuram)Junction,19,0.6666666666666666
RRR(Okalipuram)Junction,21,2.0
RRR(Okalipuram)Junction,22,0.6666666666666666
Rajajinagagr1stBlockJunction,0,1.0
Rajajinagagr1stBlockJunction,2,1.0
Rajajinagar19thMainJunc,0,1.0
Rajajinagar19thMainJunc,4,1.0
Rajajinagar19thMainJunc,8,1.0
RajajinagarEntranceJunction,0,0.6
RajajinagarEntranceJunction,3,1.7999999999999998
RajajinagarEntranceJunction,22,0.6
RajarajeshwariKalyanaMantapaJunc,20,1.0
RajeshwariJunc,0,0.409090909090909
RajeshwariJunc,2,0.409090909090909
RajeshwariJunc,6,2.454545454545454
RajeshwariJunc,7,0.409090909090909
RajeshwariJunc,18,0.8181818181818181
RajeshwariJunc,19,1.6363636363636362
RajeshwariJunc,20,1.6363636363636362
RajeshwariJunc,21,0.409090909090909
RajeshwariJunc,22,0.8181818181818181
RamaiahCircle-UlsoorPoliceStation,0,0.8888888888888888
RamaiahCircle-UlsoorPoliceStation,3,1.7777777777777777
RamaiahCircle-UlsoorPoliceStation,5,0.8888888888888888
RamaiahCircle-UlsoorPoliceStation,6,0.8888888888888888
RamaiahCircle-UlsoorPoliceStation,7,0.8888888888888888
RamaiahCircle-UlsoorPoliceStation,18,0.8888888888888888
RamaiahCircle-UlsoorPoliceStation,19,0.8888888888888888
RamaiahCircle-UlsoorPoliceStation,21,0.8888888888888888
RamamurthyNagarJunction,3,0.8888888888888888
RamamurthyNagarJunction,4,0.8888888888888888
RamamurthyNagarJunction,5,0.8888888888888888
RamamurthyNagarJunction,7,0.8888888888888888
RamamurthyNagarJunction,13,0.8888888888888888
RamamurthyNagarJunction,19,1.7777777777777777
RamamurthyNagarJunction,21,0.8888888888888888
RamamurthyNagarJunction,23,0.8888888888888888
Richmond circle jn,0,1.6666666666666663
Richmond circle jn,5,1.6666666666666663
Richmond circle jn,8,0.5555555555555556
Richmond circle jn,18,0.5555555555555556
Richmond circle jn,21,0.5555555555555556
Ring road-Near Kengunte Junction,1,1.4285714285714286
Ring road-Near Kengunte Junction,3,0.7142857142857143
Ring road-Near Kengunte Junction,6,0.7142857142857143
Ring road-Near Kengunte Junction,7,0.7142857142857143
Ring road-Near Kengunte Junction,23,1.4285714285714286
RingRoad-UllalJunction,0,1.0
RingRoad-UllalJunction,2,1.0
RingRoad-UllalJunction,5,1.0
RingRoad-UllalJunction,9,1.0
RingRoad-UllalJunction,14,1.0
RingRoad-UllalJunction,20,1.0
RingRoad-UllalJunction,23,1.0
RoyanCircle-Chamrajpete,1,1.0
SRS Peenya Junc,0,0.55
SRS Peenya Junc,1,1.65
SRS Peenya Junc,2,0.55
SRS Peenya Junc,3,1.1
SRS Peenya Junc,4,2.2
SRS Peenya Junc,5,0.55
SRS Peenya Junc,8,1.1
SRS Peenya Junc,17,0.55
SRS Peenya Junc,20,0.55
SRS Peenya Junc,21,1.1
SRS Peenya Junc,22,1.1
SadahalliGateJunc(AirportRd),0,0.7142857142857143
SadahalliGateJunc(AirportRd),4,0.7142857142857143
SadahalliGateJunc(AirportRd),19,0.7142857142857143
SadahalliGateJunc(AirportRd),22,1.4285714285714286
SadahalliGateJunc(AirportRd),23,1.4285714285714286
SadashivnagarJunc,0,0.7692307692307692
SadashivnagarJunc,2,0.7692307692307692
SadashivnagarJunc,6,0.7692307692307692
SadashivnagarJunc,8,0.7692307692307692
SadashivnagarJunc,9,2.3076923076923075
SadashivnagarJunc,10,0.7692307692307692
SadashivnagarJunc,18,0.7692307692307692
SadashivnagarJunc,19,1.5384615384615383
SadashivnagarJunc,21,0.7692307692307692
SadashivnagarJunc,22,0.7692307692307692
SafinaPlazaJunc,20,1.0
SagarHospitalJunc,0,0.8
SagarHospitalJunc,5,0.8
SagarHospitalJunc,21,0.8
SagarHospitalJunc,23,1.6
SagarTheatreJunc,0,0.8
SagarTheatreJunc,1,1.6
SagarTheatreJunc,3,0.8
SagarTheatreJunc,5,0.8
SandeepUnnikrishnan-Yelhanka,0,0.75
SandeepUnnikrishnan-Yelhanka,6,0.75
SandeepUnnikrishnan-Yelhanka,7,0.75
SandeepUnnikrishnan-Yelhanka,9,1.5
SandeepUnnikrishnan-Yelhanka,20,0.75
SandeepUnnikrishnan-Yelhanka,23,1.5
SantheCircle,2,0.52
SantheCircle,4,3.0
SantheCircle,7,1.56
SantheCircle,8,0.52
SantheCircle,9,0.52
SantheCircle,10,0.52
SantheCircle,12,0.52
SantheCircle,13,0.52
SantheCircle,19,2.08
SantheCircle,20,1.04
SantheCircle,21,0.52
SantheCircle,22,0.52
SantheCircle,23,1.04
SarjapurRd-St JohnsRdJunc,0,0.6
SarjapurRd-St JohnsRdJunc,1,1.2
SarjapurRd-St JohnsRdJunc,2,2.4
SarjapurRd-St JohnsRdJunc,6,0.6
SarjapurRd-St JohnsRdJunc,7,0.6
SarjapurRd-St JohnsRdJunc,8,0.6
SatteliteBusStandJunc,0,1.186046511627907
SatteliteBusStandJunc,1,1.186046511627907
SatteliteBusStandJunc,2,1.186046511627907
SatteliteBusStandJunc,3,1.186046511627907
SatteliteBusStandJunc,4,1.186046511627907
SatteliteBusStandJunc,5,0.3953488372093023
SatteliteBusStandJunc,6,1.976744186046512
SatteliteBusStandJunc,8,1.186046511627907
SatteliteBusStandJunc,9,0.7906976744186047
SatteliteBusStandJunc,10,0.3953488372093023
SatteliteBusStandJunc,17,0.3953488372093023
SatteliteBusStandJunc,18,0.3953488372093023
SatteliteBusStandJunc,19,1.976744186046512
SatteliteBusStandJunc,20,1.186046511627907
SatteliteBusStandJunc,21,1.186046511627907
SatteliteBusStandJunc,22,0.3953488372093023
SatteliteBusStandJunc,23,0.7906976744186047
ShankarMuttCircle,4,1.0
ShankarMuttCircle,20,1.0
ShankarMuttCircle,23,1.0
ShantalaJunction,0,0.4666666666666667
ShantalaJunction,3,0.9333333333333332
ShantalaJunction,6,0.4666666666666667
ShantalaJunction,7,0.9333333333333332
ShantalaJunction,21,1.8666666666666667
ShantalaJunction,22,0.4666666666666667
ShantalaJunction,23,1.8666666666666667
ShivajiTalkiesJunc,2,1.0
ShivajiTalkiesJunc,4,1.0
ShivajiTalkiesJunc,5,1.0
ShivajiTalkiesJunc,11,1.0
ShivajiTalkiesJunc,19,1.0
ShivajiTalkiesJunc,20,1.0
ShivajiTalkiesJunc,21,1.0
Shivajinagar(BRV)Junction,1,0.5625
Shivajinagar(BRV)Junction,2,1.6875
Shivajinagar(BRV)Junction,3,0.5625
Shivajinagar(BRV)Junction,5,1.125
Shivajinagar(BRV)Junction,6,1.125
Shivajinagar(BRV)Junction,7,1.125
Shivajinagar(BRV)Junction,9,1.125
Shivajinagar(BRV)Junction,21,0.5625
Shivajinagar(BRV)Junction,22,1.125
ShivanahalliJunctionWOC,0,1.0
ShivanahalliJunctionWOC,5,1.0
ShivanahalliJunctionWOC,23,1.0
ShivandaCircle,0,0.5
ShivandaCircle,3,0.5
ShivandaCircle,4,0.5
ShivandaCircle,6,1.5
ShivandaCircle,9,0.5
ShivandaCircle,22,2.5
Shivashankara circle,0,0.8
Shivashankara circle,6,0.8
Shivashankara circle,7,0.8
Shivashankara circle,22,1.6
SiddalingaiahCircle,0,0.7
SiddalingaiahCircle,1,1.4
SiddalingaiahCircle,19,1.4
SiddalingaiahCircle,20,1.4
SiddalingaiahCircle,21,0.7
SiddalingaiahCircle,22,0.7
SiddalingaiahCircle,23,0.7
SiddapuraJunction,0,0.8
SiddapuraJunction,6,1.6
SiddapuraJunction,19,0.8
SiddapuraJunction,22,0.8
SilkBoardJunc,0,0.393939393939394
SilkBoardJunc,1,0.787878787878788
SilkBoardJunc,2,1.9696969696969693
SilkBoardJunc,5,0.393939393939394
SilkBoardJunc,8,0.787878787878788
SilkBoardJunc,9,0.787878787878788
SilkBoardJunc,11,0.393939393939394
SilkBoardJunc,12,0.787878787878788
SilkBoardJunc,13,0.393939393939394
SilkBoardJunc,18,0.393939393939394
SilkBoardJunc,19,2.757575757575758
SilkBoardJunc,20,0.787878787878788
SilkBoardJunc,21,2.363636363636364
SindhiColonyJunction,3,0.7777777777777777
SindhiColonyJunction,5,1.5555555555555554
SindhiColonyJunction,7,0.7777777777777777
SindhiColonyJunction,8,0.7777777777777777
SindhiColonyJunction,19,0.7777777777777777
SindhiColonyJunction,21,0.7777777777777777
SindhiColonyJunction,22,1.5555555555555554
SirsiCircle,0,0.8888888888888888
SirsiCircle,1,0.8888888888888888
SirsiCircle,4,0.8888888888888888
SirsiCircle,6,1.7777777777777777
SirsiCircle,7,0.8888888888888888
SirsiCircle,18,0.8888888888888888
SirsiCircle,19,0.8888888888888888
SirsiCircle,20,0.8888888888888888
SonyworldJunction,5,1.0
SonyworldJunction,6,1.0
SonyworldJunction,7,1.0
South end circle,0,0.6666666666666666
South end circle,4,1.3333333333333333
Srigandakaval,2,0.5714285714285714
Srigandakaval,3,0.5714285714285714
Srigandakaval,5,1.7142857142857142
Srigandakaval,6,1.1428571428571428
Srigandakaval,8,0.5714285714285714
Srigandakaval,19,0.5714285714285714
Srigandakaval,20,2.2857142857142856
Srigandakaval,22,0.5714285714285714
Srinivagilu(Ejipura)Junc,19,0.75
Srinivagilu(Ejipura)Junc,20,1.5
Srinivagilu(Ejipura)Junc,22,0.75
StateBankofMysoreJunc,0,0.75
StateBankofMysoreJunc,2,0.75
StateBankofMysoreJunc,3,0.75
StateBankofMysoreJunc,4,2.25
StateBankofMysoreJunc,5,0.75
StateBankofMysoreJunc,6,0.75
StateBankofMysoreJunc,7,0.75
StateBankofMysoreJunc,8,0.75
StateBankofMysoreJunc,22,1.5
SubbannaJunction,0,0.8571428571428571
SubbannaJunction,1,0.8571428571428571
SubbannaJunction,2,1.7142857142857142
SubbannaJunction,4,0.8571428571428571
SubbannaJunction,20,0.8571428571428571
SubbannaJunction,21,0.8571428571428571
SubedarChatramRd near SheshadripuramPS,2,1.0
SubedarChatramRd near SheshadripuramPS,4,1.0
SubedarChatramRd near SheshadripuramPS,5,1.0
SubedarChatramRd near SheshadripuramPS,6,1.0
SubedarChatramRd near SheshadripuramPS,12,1.0
SubedarChatramRd near SheshadripuramPS,21,1.0
Sumanhalli,0,1.25
Sumanhalli,1,0.625
Sumanhalli,2,0.625
Sumanhalli,5,2.5
Sumanhalli,6,1.25
Sumanhalli,7,0.625
Sumanhalli,19,0.625
Sumanhalli,21,1.25
Sumanhalli,22,0.625
Sumanhalli,23,0.625
SwagathMainRd-EastEndRdJunc,20,1.0
SwagathMainRd-EastEndRdJunc,21,1.0
TC Palya-OM RoadJunc,1,1.0
TC Palya-OM RoadJunc,6,1.0
TC Palya-OM RoadJunc,10,1.0
TC Palya-OM RoadJunc,23,1.0
TVS CrossJunction,21,1.0
TamarikannanJunc,20,1.0
TataInstituteCircle,1,1.1666666666666667
TataInstituteCircle,2,1.75
TataInstituteCircle,9,0.5833333333333334
TataInstituteCircle,19,0.5833333333333334
TataInstituteCircle,20,0.5833333333333334
TataInstituteCircle,22,0.5833333333333334
TataInstituteCircle,23,1.75
ThomasCafe-New,23,1.0
TownhallJunction,0,0.9333333333333332
TownhallJunction,1,0.9333333333333332
TownhallJunction,2,1.4
TownhallJunction,3,0.4666666666666667
TownhallJunction,4,1.4
TownhallJunction,5,0.4666666666666667
TownhallJunction,6,0.9333333333333332
TownhallJunction,7,0.9333333333333332
TownhallJunction,18,0.4666666666666667
TownhallJunction,19,1.4
TownhallJunction,20,0.9333333333333332
TownhallJunction,21,0.9333333333333332
TownhallJunction,22,1.4
TownhallJunction,23,1.4
"Trilight Circle,Race course Road",7,1.0
TrinityCircle,1,0.6363636363636364
TrinityCircle,2,0.6363636363636364
TrinityCircle,3,1.2727272727272727
TrinityCircle,5,1.2727272727272727
TrinityCircle,19,1.2727272727272727
TrinityCircle,20,0.6363636363636364
TrinityCircle,22,1.2727272727272727
TumkurRdMarappanapalyaJunc,1,0.7857142857142857
TumkurRdMarappanapalyaJunc,2,0.7857142857142857
TumkurRdMarappanapalyaJunc,3,0.7857142857142857
TumkurRdMarappanapalyaJunc,4,0.7857142857142857
TumkurRdMarappanapalyaJunc,5,0.7857142857142857
TumkurRdMarappanapalyaJunc,6,0.7857142857142857
TumkurRdMarappanapalyaJunc,7,0.7857142857142857
TumkurRdMarappanapalyaJunc,19,1.5714285714285714
TumkurRdMarappanapalyaJunc,20,1.5714285714285714
TumkurRdMarappanapalyaJunc,21,0.7857142857142857
TumkurRdMarappanapalyaJunc,22,1.5714285714285714
TyagiHengalvarayaJunc(DickensonRd),2,0.8
TyagiHengalvarayaJunc(DickensonRd),4,1.6
TyagiHengalvarayaJunc(DickensonRd),5,0.8
TyagiHengalvarayaJunc(DickensonRd),19,0.8
UCO Bank(Forum),0,1.0
UCO Bank(Forum),4,1.0
UlsoorGateJunc,1,1.1666666666666667
UlsoorGateJunc,3,0.5833333333333334
UlsoorGateJunc,4,2.333333333333333
UlsoorGateJunc,6,0.5833333333333334
UlsoorGateJunc,7,0.5833333333333334
UlsoorGateJunc,21,1.1666666666666667
UlsoorGateJunc,23,0.5833333333333334
UniversityJunc(Janabharti),2,0.875
UniversityJunc(Janabharti),5,0.875
UniversityJunc(Janabharti),6,1.75
UniversityJunc(Janabharti),7,0.875
UniversityJunc(Janabharti),20,0.875
UniversityJunc(Janabharti),21,0.875
UniversityJunc(Janabharti),23,0.875
UpparpetJunction,21,1.0
UrvashiJunction,4,0.8333333333333334
UrvashiJunction,6,1.6666666666666667
UrvashiJunction,8,0.8333333333333334
UrvashiJunction,9,0.8333333333333334
UrvashiJunction,19,0.8333333333333334
UttarahalliJunction,2,0.5
UttarahalliJunction,5,1.5
UttarahalliJunction,6,0.5
UttarahalliJunction,7,0.5
UttarahalliJunction,8,0.5
UttarahalliJunction,21,0.5
UttarahalliJunction,22,3.0
"VeerannapalyaJunction(BEL,HO)",0,2.0
"VeerannapalyaJunction(BEL,HO)",1,0.3333333333333333
"VeerannapalyaJunction(BEL,HO)",2,0.6666666666666666
"VeerannapalyaJunction(BEL,HO)",4,1.0
"VeerannapalyaJunction(BEL,HO)",5,0.6666666666666666
"VeerannapalyaJunction(BEL,HO)",6,1.0
"VeerannapalyaJunction(BEL,HO)",20,1.0
"VeerannapalyaJunction(BEL,HO)",21,1.0
"VeerannapalyaJunction(BEL,HO)",22,0.6666666666666666
"VeerannapalyaJunction(BEL,HO)",23,1.6666666666666667
VeerasandraGateJunction,0,0.8181818181818181
VeerasandraGateJunction,1,1.6363636363636362
VeerasandraGateJunction,5,0.8181818181818181
VeerasandraGateJunction,8,0.8181818181818181
VeerasandraGateJunction,10,0.8181818181818181
VeerasandraGateJunction,12,0.8181818181818181
VeerasandraGateJunction,19,0.8181818181818181
VeerasandraGateJunction,20,1.6363636363636362
VeerasandraGateJunction,22,0.8181818181818181
VetenaryHospitalJunc-Shivajinagar,5,0.75
VetenaryHospitalJunc-Shivajinagar,6,1.5
VetenaryHospitalJunc-Shivajinagar,23,0.75
VijayanagarBusStandJunction,3,1.3333333333333333
VijayanagarBusStandJunction,4,1.3333333333333333
VijayanagarBusStandJunction,21,0.6666666666666666
VijayanagarBusStandJunction,22,0.6666666666666666
WebbsCircle,20,1.0
WebbsCircle,21,1.0
WebbsCircle,22,1.0
WilsonGarden10thCrossJunc,1,0.8333333333333334
WilsonGarden10thCrossJunc,2,0.8333333333333334
WilsonGarden10thCrossJunc,4,0.8333333333333334
WilsonGarden10thCrossJunc,19,0.8333333333333334
WilsonGarden10thCrossJunc,22,1.6666666666666667
WilsonGarden12thCrossJunc,1,1.5
WilsonGarden12thCrossJunc,4,0.75
WilsonGarden12thCrossJunc,5,1.5
WilsonGarden12thCrossJunc,7,0.75
WilsonGarden12thCrossJunc,19,0.75
WilsonGarden12thCrossJunc,20,0.75
WiproJunc-Koramangala,3,1.0
YediyurMeternityHospital,5,1.0
YelhankaBypass,1,0.5789473684210527
YelhankaBypass,2,1.1578947368421053
YelhankaBypass,3,1.1578947368421053
YelhankaBypass,5,1.1578947368421053
YelhankaBypass,6,1.1578947368421053
YelhankaBypass,15,1.1578947368421053
YelhankaBypass,16,0.5789473684210527
YelhankaBypass,19,1.1578947368421053
YelhankaBypass,20,1.1578947368421053
YelhankaBypass,22,1.1578947368421053
YelhankaBypass,23,0.5789473684210527
YelhankaCircle,0,1.2352941176470589
YelhankaCircle,1,0.411764705882353
YelhankaCircle,2,0.411764705882353
YelhankaCircle,4,2.058823529411765
YelhankaCircle,5,0.823529411764706
YelhankaCircle,6,1.2352941176470589
YelhankaCircle,7,1.647058823529412
YelhankaCircle,8,1.647058823529412
YelhankaCircle,9,0.823529411764706
YelhankaCircle,14,0.411764705882353
YelhankaCircle,19,0.823529411764706
YelhankaCircle,20,1.647058823529412
YelhankaCircle,22,0.411764705882353
YelhankaCircle,23,0.411764705882353
Yemalur cross junc,21,1.5
Yemalur cross junc,22,0.75
Yemalur cross junc,23,0.75
YeshwanthpuraCircle,0,1.1052631578947367
YeshwanthpuraCircle,1,0.3684210526315789
YeshwanthpuraCircle,2,1.1052631578947367
YeshwanthpuraCircle,3,0.3684210526315789
YeshwanthpuraCircle,4,1.4736842105263157
YeshwanthpuraCircle,5,1.8421052631578947
YeshwanthpuraCircle,6,0.3684210526315789
YeshwanthpuraCircle,7,1.1052631578947367
YeshwanthpuraCircle,8,0.3684210526315789
YeshwanthpuraCircle,19,0.7368421052631579
YeshwanthpuraCircle,20,0.3684210526315789
YeshwanthpuraCircle,21,2.9473684210526314
YeshwanthpuraCircle,22,1.4736842105263157
YeshwanthpuraCircle,23,0.3684210526315789
toll gate mysore road,0,0.3636363636363636
toll gate mysore road,1,0.3636363636363636
toll gate mysore road,2,1.4545454545454546
toll gate mysore road,3,0.3636363636363636
toll gate mysore road,8,0.3636363636363636
toll gate mysore road,9,0.3636363636363636
toll gate mysore road,18,0.7272727272727273
toll gate mysore road,19,1.818181818181818
toll gate mysore road,20,1.4545454545454546
toll gate mysore road,21,1.818181818181818
toll gate mysore road,22,2.5454545454545454
toll gate mysore road,23,0.3636363636363636
AnepalyaJunc,17,1.125
AnepalyaJunc,18,1.1056
